{"cameraMode":{"drawMode":0,"name":"Shaded","section":"Shading Mode"},"sceneLighting":false,"audioPlay":false,"sceneViewState":{"showFog":true,"showMaterialUpdate":false,"showSkybox":true,"showFlares":true,"showImageEffects":true,"showParticleSystems":true},"in2DMode":false,"pivot":{"x":10.260000228881836,"y":0.0,"z":10.260000228881836},"rotation":{"x":-0.44305214285850527,"y":-0.03172643855214119,"z":0.015691833570599557,"w":-0.8957968950271606},"size":50.216983795166019,"orthographic":false}